{"201 W. Blackhawk Dr., Byron": [42.1257844, -89.25827], "408 Walnut Street, Carthage": [37.176447, -94.31022279999999], "331 Stoughton Street, Champaign": [40.1131008, -88.23391], "2901 West Kirby, Champaign": [40.0966122, -88.2939348], "551 W Lincoln Ave, Charleston": [39.4857893, -88.1878588], "1099 Jason Place, Chatham": [39.68547119999999, -89.7076163], "2917 N Vermillion St, Danville": [40.172895, -87.6291268], "1380 N Galena Avenue, Dixon": [41.8640303, -89.49850529999999], "1090 East Fort Street, Farmington": [40.6971636, -89.9877076], "415 E 1st. St., Gibson City": [40.4556985, -88.36999039999999], "619 N 3rd Street, Girard": [39.452671, -89.781176], "943 East Laurel Avenue, Havana": [40.2956111, -90.04475939999999], "518 South Main Street, Lewistown": [40.590685, -77.56647699999999], "1120 N. 6th Street, Monmouth": [40.9238513, -90.64136979999999], "422 South Market, Monticello": [40.0230904, -88.5745743], "6 North Poplar Street, Pana": [39.3912099, -89.078735], "500 E. Sangamon Ave., Petersburg": [40.0126256, -89.8443387], "825 West Washington, Pittsfield": [39.6059461, -90.8187617], "406 West Madison, Pontiac": [40.879824, -88.6334072], "1201 East Grove Avenue, Rantoul": [40.3131846, -88.1398901], "520 West Clinton Street, Rushville": [40.1165883, -90.57122299999999], "119 Illini Boulevard, Sherman": [39.898119, -89.60319], "210 East Carpenter Street, Springfield": [39.78172130000001, -89.6501481], "2777 S. 6th Street, Springfield": [39.7652141, -89.6506094], "1903 W. Monroe St., Springfield": [39.800394, -89.6841183], "1501 South Dirksen Parkway, Springfield": [39.7866463, -89.6079469], "210 West 3rd. St., Sterling": [41.7893248, -89.6988062], "1628 Georgetown Road, Tilton": [40.0960955, -87.6358915], "109 West Jackson St, Attica": [40.2921862, -87.25087169999999], "PO Box 99 301 3rd Street, Covington": [39.0889493, -84.50634649999999], "1805 Elm Street, Canton": [40.1211529, -91.5400813], "202 Steamboat Bend, Hannibal": [39.7083789, -91.35848159999999], "3328 Georgia Street, Ste 135, Louisiana": [30.5190775, -91.5208624], "1208 South Main Street, Palmyra": [90, 90], "1555 Hwy 54 West Ste 20, Vandalia": [33.44352230000001, -84.53490269999999], "#11 Winfield, Plaza, Winfield": [38.9972723, -90.738458]}